Query; PlannerTime_1; ExecutionTime_1; SharedHits_1; SharedReads_1; PageFaults_1                     ; PlannerTime_2; ExecutionTime_2; SharedHits_2; SharedReads_2; PageFaults_2                     ; PlannerTime_3; ExecutionTime_3; SharedHits_3; SharedReads_3; PageFaults_3                     ; PlannerTime_4; ExecutionTime_4; SharedHits_4; SharedReads_4; PageFaults_4                     ; PlannerTime_5; ExecutionTime_5; SharedHits_5; SharedReads_5; PageFaults_5                     ; PlannerTime_6; ExecutionTime_6; SharedHits_6; SharedReads_6; PageFaults_6                     ; PlannerTime_7; ExecutionTime_7; SharedHits_7; SharedReads_7; PageFaults_7                     ; PlannerTime_8; ExecutionTime_8; SharedHits_8; SharedReads_8; PageFaults_8                     ; PlannerTime_9; ExecutionTime_9; SharedHits_9; SharedReads_9; PageFaults_9                     ; PlannerTime_10; ExecutionTime_10; SharedHits_10; SharedReads_10; PageFaults_10
1a.sql; 1022,059; 141,623; 15695; 1; 19546; 1307,083; 136,939; 15697; 1; 27617; 142,963; 128,216; 15696; 0; 21852; 180,206; 129,353; 15696; 0; 29502; 1414,568; 129,535; 15696; 0; 26916; 101,671; 120,461; 15696; 0; 33884; 1649,832; 136,086; 15693; 3; 31924; 50,907; 133,827; 15696; 0; 21094; 52,171; 150,313; 15698; 0; 26638; 141,823; 125,808; 15696; 0; 28361
1b.sql; 388,107; 133,535; 13752; 0; 24595; 461,694; 118,471; 13752; 0; 19103; 48,886; 137,352; 13754; 0; 32168; 81,031; 120,618; 13752; 0; 20292; 49,244; 131,533; 13752; 0; 27890; 415,246; 113,229; 13754; 0; 24875; 1836,711; 133,873; 13752; 0; 24505; 477,756; 120,416; 13752; 0; 32576; 45,235; 118,335; 13754; 0; 28742; 366,266; 125,355; 13754; 0; 20502
1c.sql; 168,03; 131,215; 15174; 0; 29852; 51,586; 148,711; 15172; 0; 25436; 45,589; 131,817; 15172; 0; 20918; 44,714; 128,495; 15174; 0; 24405; 473,826; 128,638; 15174; 0; 30527; 248,663; 119,741; 15172; 0; 32034; 559,759; 122,886; 15172; 0; 28178; 627,774; 133,646; 15172; 0; 28570; 617,588; 132,334; 15172; 0; 26825; 45,915; 172,74; 15172; 0; 26665
1d.sql; 1415,908; 124,27; 13777; 0; 21360; 233,347; 123,814; 13777; 0; 24627; 51,68; 128,057; 13779; 0; 20087; 859,309; 120,089; 13779; 0; 28542; 51,39; 132,081; 13777; 0; 25043; 41,04; 117,83; 13777; 0; 25804; 53,307; 144,098; 13779; 0; 33319; 570,299; 129,829; 13779; 0; 22762; 176,232; 130,69; 13779; 0; 25579; 350,476; 135,006; 13779; 0; 29638
2a.sql; 779,381; 518,42; 1029587; 0; 65893; 79,937; 522,183; 1029587; 0; 42723; 379,81; 625,651; 1029587; 0; 40509; 225,868; 604,023; 1029587; 0; 57361; 390,874; 552,218; 1029587; 0; 62323; 1260,679; 636,667; 1028993; 594; 39991; 425,336; 598,6; 1029587; 0; 60731; 167,866; 579,05; 1029587; 0; 73012; 896,534; 535,594; 1029587; 0; 70461; 73,627; 561,488; 1029587; 0; 56241
2b.sql; 74,752; 602,23; 1008015; 0; 44931; 78,667; 569,965; 1008015; 0; 46634; 463,166; 537,503; 1008015; 0; 53724; 72,312; 504,148; 1008015; 0; 41595; 485,468; 597,991; 1008015; 0; 39798; 100,553; 519,272; 1008015; 0; 38850; 67,863; 498,705; 1008015; 0; 90363; 762,839; 505,218; 1008015; 0; 54103; 78,622; 593,75; 1008015; 0; 55530; 72,272; 522,624; 1008015; 0; 39824
2c.sql; 72,571; 555,852; 979763; 0; 62884; 72,371; 599,846; 979763; 0; 43334; 764,154; 528,018; 979763; 0; 67545; 73,218; 479,806; 979763; 0; 39997; 679,671; 542,669; 979763; 0; 55963; 443,685; 420,755; 979763; 0; 49055; 839,876; 598,411; 979763; 0; 56923; 168,096; 581,804; 979763; 0; 46044; 75,269; 561,649; 979763; 0; 49708; 476,645; 533,986; 979763; 0; 68671
2d.sql; 895,151; 598,283; 1154647; 0; 93792; 1893,923; 660,137; 1154647; 0; 57566; 1944,302; 702,134; 1154647; 0; 60853; 75,385; 684,139; 1154647; 0; 53373; 648,605; 609,301; 1154647; 0; 67474; 449,924; 584,217; 1154647; 0; 73230; 1381,449; 656,585; 1154647; 0; 85753; 760,024; 772,882; 1154647; 0; 133235; 91,563; 747,919; 1154647; 0; 90809; 412,486; 689,84; 1154647; 0; 58701
3a.sql; 1647,956; 141,403; 106791; 4970; 64471; 138,67; 158,459; 111761; 0; 50911; 158,301; 175,363; 111761; 0; 70726; 2860,693; 131,591; 103154; 8607; 58752; 2808,382; 119,387; 111761; 0; 72961; 788,345; 130,773; 111761; 0; 56759; 863,993; 155,774; 111761; 0; 60269; 1208,14; 131,513; 111459; 302; 74242; 447,277; 163,199; 111697; 64; 55625; 386,322; 156,26; 111761; 0; 64568
3b.sql; 154,562; 108,172; 85849; 0; 37435; 136,36; 118,749; 85849; 0; 43698; 1452,911; 86,807; 85849; 0; 48623; 1066,63; 93,279; 85849; 0; 50943; 4098,283; 77,871; 81660; 4189; 56353; 3112,804; 75,93; 85223; 626; 55037; 2247,666; 91,167; 81771; 4078; 53932; 3119,982; 86,224; 85849; 0; 46828; 2838,841; 89,118; 85849; 0; 48859; 3387,679; 87,006; 85849; 0; 39859
3c.sql; 144,15; 262,772; 190935; 68; 71773; 4317,656; 198,89; 172483; 18520; 119731; 3072,516; 187,347; 181423; 9580; 113702; 1267,96; 219,068; 190935; 68; 100861; 3021,995; 168,527; 185979; 5024; 93717; 3025,763; 156,988; 190675; 328; 105972; 3258,879; 179,324; 188605; 2398; 105775; 3651,098; 175,196; 189915; 1088; 74803; 3211,355; 229,775; 184452; 6551; 115907; 3815,363; 178,142; 190935; 68; 120224
4a.sql; 515,63; 69,373; 91171; 0; 31738; 109,697; 95,789; 91171; 0; 39907; 229,717; 84,562; 91171; 0; 46439; 283,566; 92,056; 91171; 0; 28344; 1055,281; 87,43; 91011; 160; 29255; 1221,292; 68,263; 91171; 0; 27679; 1353,177; 61,693; 91171; 0; 37005; 97,677; 104,102; 91171; 0; 30411; 1457,003; 62,909; 91171; 0; 39338; 678,431; 83,696; 91171; 0; 31213
4b.sql; 186,901; 57,45; 62137; 0; 24942; 59,695; 59,044; 62137; 0; 21573; 68,997; 55,078; 62137; 0; 25694; 221,023; 51,259; 62137; 0; 21130; 585,808; 54,591; 62137; 0; 23861; 205,447; 47,444; 62137; 0; 21500; 200,631; 57,768; 62137; 0; 28784; 1663,485; 51,973; 62137; 0; 32166; 241,006; 60,145; 62137; 0; 20753; 1271,42; 59,894; 62136; 1; 23896
4c.sql; 91,686; 93,589; 99167; 0; 36028; 142,319; 80,758; 99167; 0; 34172; 99,059; 100,219; 99167; 0; 32491; 176,462; 94,921; 99167; 0; 30580; 126,593; 93,955; 99167; 0; 33692; 1325,487; 67,907; 99167; 0; 32988; 161,171; 102,764; 99167; 0; 31436; 201,405; 83,942; 99167; 0; 38368; 1534,522; 83,586; 99152; 15; 33657; 87,642; 89,782; 99167; 0; 44294
5a.sql; 4522,803; 189,664; 34926; 0; 55098; 3449,602; 225,987; 34926; 0; 77323; 4602,662; 207,841; 34925; 1; 47698; 730,726; 234,973; 34926; 0; 78458; 122,147; 200,561; 34926; 0; 49937; 3021,916; 182,405; 34926; 0; 65012; 135,422; 222,89; 34926; 0; 39758; 2819,658; 197,512; 34926; 0; 36495; 4044,973; 205,246; 34924; 2; 39212; 3564,183; 227,602; 34926; 0; 61867
5b.sql; 3679,271; 178,96; 34860; 0; 73768; 183,521; 203,939; 34860; 0; 40403; 3340,221; 197,938; 34860; 0; 52772; 2496,605; 201,045; 34860; 0; 37141; 635,314; 213,014; 34860; 0; 36467; 2869,225; 176,618; 34860; 0; 65079; 4044,399; 204,804; 34860; 0; 38098; 141,574; 193,83; 34860; 0; 38045; 1149,804; 208,794; 34860; 0; 39215; 544,168; 189,827; 34860; 0; 57136
5c.sql; 201,067; 287,266; 50746; 7; 50011; 120,018; 263,548; 50758; 7; 68784; 997,468; 282,828; 50781; 7; 70866; 2278,138; 253,758; 50746; 7; 80149; 3806,54; 271,361; 49548; 1170; 65779; 131,175; 273,06; 50747; 6; 51943; 3320,5; 264,413; 50734; 19; 66531; 123,881; 267,414; 50746; 7; 71648; 3139,487; 269,002; 50565; 188; 95633; 3693,656; 277,32; 48954; 1799; 92566
6a.sql; 6365,328; 672,737; 32469; 4573; 24001; 5995,186; 356,648; 34619; 2423; 15873; 7240,376; 1206,744; 27836; 9206; 20601; 5990,777; 75,873; 36585; 457; 28221; 7429,427; 1041,416; 29047; 7995; 15493; 5555,581; 45,526; 27937; 9105; 22656; 7161,613; 1313,385; 27644; 9398; 22188; 6845,844; 121,983; 36415; 627; 25269; 7193,191; 1130,669; 28310; 8732; 25389; 6453,173; 1192,692; 27933; 9109; 18076
6b.sql; 6355,759; 6527,163; 1322376; 110306; 306616; 7634,035; 5636,219; 1337096; 95586; 140965; 6479,485; 6037,758; 1332822; 99860; 209242; 7216,287; 1195,253; 1330254; 102428; 145895; 6665,885; 6351,398; 1330003; 102679; 190405; 6378,167; 1061,758; 1331278; 101404; 270056; 8684,429; 4675,811; 1355707; 76975; 222152; 7061,156; 6200,339; 1333131; 99551; 183892; 5548,357; 6074,0; 1328434; 104248; 144692; 5394,42; 6973,453; 1309953; 122729; 148629
6c.sql; 5744,237; 198,976; 18501; 1513; 12729; 7376,489; 642,759; 15672; 4342; 11230; 6141,988; 672,141; 15084; 4930; 13551; 6934,116; 639,458; 15030; 4984; 12614; 5360,589; 70,117; 19669; 345; 10876; 5898,76; 31,438; 14988; 5026; 12206; 5748,534; 608,88; 15010; 5004; 12107; 8137,433; 688,76; 14836; 5178; 12042; 6309,55; 660,781; 14871; 5143; 16512; 6548,208; 723,305; 15036; 4978; 14170
6d.sql; 7625,337; 14480,187; 7170130; 243606; 252722; 6889,6; 14728,578; 7158149; 255587; 170081; 6874,601; 6922,466; 7280383; 133353; 198374; 6240,541; 7368,208; 7171045; 242691; 172947; 6270,323; 14668,063; 7153444; 260292; 163528; 7437,63; 5879,598; 7177497; 236239; 169497; 7291,464; 15549,953; 7153985; 259751; 255524; 6874,978; 15334,764; 7154461; 259275; 283449; 8814,787; 14054,456; 7192225; 221511; 331911; 5199,618; 14117,249; 7181658; 232078; 377361
6e.sql; 5186,903; 1314,91; 30557; 10989; 28570; 7848,038; 1228,003; 32225; 9321; 24093; 7614,878; 1478,886; 31674; 9872; 21621; 6110,222; 1390,988; 31335; 10211; 18964; 7167,227; 1181,307; 33062; 8484; 27004; 6122,58; 73,394; 31129; 10417; 20600; 7184,891; 1186,94; 32566; 8980; 26803; 6263,338; 1270,699; 31091; 10455; 24465; 6167,895; 66,083; 41353; 193; 19255; 7082,374; 1361,131; 31269; 10277; 23824
6f.sql; 4963,386; 12833,866; 7165536; 248200; 148455; 7192,803; 15461,577; 7158918; 254818; 242694; 5278,626; 15298,96; 7147212; 266524; 174736; 5905,755; 3482,267; 7155612; 258124; 285011; 6339,192; 14783,904; 7164044; 249692; 179237; 5842,302; 6102,902; 7158315; 255421; 204867; 5677,273; 15643,497; 7145860; 267876; 171169; 5153,791; 15171,152; 7158182; 255554; 280229; 7631,657; 15318,165; 7162481; 251255; 243314; 6852,052; 15017,683; 7169768; 243968; 328866
7a.sql; 7189,736; 1574,55; 64345; 9998; 29336; 7461,425; 1269,687; 64585; 9758; 29087; 6482,524; 409,386; 70854; 3489; 34795; 7019,002; 266,36; 64305; 10038; 27094; 5894,205; 1149,765; 65540; 8803; 28275; 6817,394; 257,374; 64204; 10139; 33653; 6116,281; 758,127; 69593; 4750; 31231; 7512,385; 1443,653; 63829; 10514; 36780; 6013,796; 1398,104; 64131; 10212; 30791; 7402,066; 1096,629; 66796; 7547; 34021
7b.sql; 8459,222; 199,224; 27822; 1372; 12812; 7335,209; 213,743; 27712; 1482; 12301; 7110,054; 202,84; 27521; 1673; 12470; 6962,187; 32,148; 27569; 1625; 16512; 5811,962; 170,281; 28168; 1026; 13749; 6218,449; 30,87; 27596; 1598; 15792; 7240,422; 261,373; 27389; 1805; 12645; 5894,35; 242,427; 27479; 1715; 12432; 7155,648; 258,022; 27552; 1642; 16907; 10122,931; 225,607; 27648; 1546; 12780
7c.sql; 5971,961; 1586,26; 1033671; 22257; 256486; 5955,839; 1589,097; 1032933; 22995; 327335; 7208,113; 1819,622; 1040070; 15858; 261717; 6282,218; 1375,101; 1030072; 25856; 365232; 6064,377; 1694,669; 1033387; 22541; 337030; 6501,041; 1364,849; 1033814; 22114; 224627; 7534,532; 1550,538; 1034622; 21306; 300222; 6630,2; 1497,251; 1034458; 21470; 376747; 5967,433; 1628,487; 1032891; 23037; 270038; 4713,723; 1761,394; 1031433; 24495; 366198
8a.sql; 6688,907; 4618,145; 3650032; 139294; 277333; 6981,327; 3540,107; 3688010; 101316; 369150; 6221,897; 2486,763; 3703006; 86320; 296674; 6576,898; 4026,443; 3670837; 118489; 373639; 7046,321; 4980,261; 3645727; 143599; 280100; 2342,811; 2106,924; 3644063; 145263; 433402; 7049,505; 4431,248; 3672101; 117225; 342798; 5881,511; 4115,363; 3643915; 145411; 395258; 6349,618; 3697,218; 3644467; 144859; 393390; 9120,878; 3481,441; 3683858; 105468; 395515
8b.sql; 6703,099; 269,55; 111735; 261; 79502; 5030,251; 245,749; 111746; 250; 55222; 6587,513; 238,192; 111840; 156; 93448; 5312,949; 211,888; 111827; 169; 53058; 5642,044; 248,253; 111727; 269; 92877; 6264,8; 198,5; 111698; 298; 89587; 7157,339; 255,856; 111770; 226; 53168; 6551,025; 230,809; 111836; 160; 47286; 6615,928; 243,03; 111817; 179; 94068; 6431,979; 227,788; 111737; 259; 95927
8c.sql; 5818,992; 9213,153; 1522050; 101069; 320864; 4613,821; 9069,892; 1522903; 100658; 308405; 5501,382; 9265,746; 1544785; 78220; 404805; 4650,936; 8784,623; 1519867; 104940; 249328; 5828,024; 8915,194; 1554542; 67701; 346714; 5265,905; 8012,151; 1515776; 100476; 261024; 5876,834; 7276,496; 1563915; 88798; 309248; 5865,61; 7793,983; 1562426; 90095; 269039; 7528,438; 9101,558; 1536284; 100130; 256791; 5202,693; 8991,184; 1519948; 101790; 337497
8d.sql; 6383,888; 3637,769; 193830; 68717; 185336; 5232,422; 3738,107; 172875; 89568; 148492; 4910,062; 3629,06; 225554; 36839; 154510; 5752,869; 3357,129; 222022; 40457; 151644; 4713,782; 3591,878; 173366; 88915; 161499; 5800,744; 2532,674; 237066; 25157; 134541; 5900,558; 3765,306; 203694; 58611; 274288; 5632,298; 3268,836; 196941; 65368; 221379; 7394,913; 3614,002; 185574; 76877; 239559; 6000,129; 3045,587; 177554; 84897; 178494
9a.sql; 6799,521; 4092,883; 1077293; 67690; 191660; 6411,456; 4187,492; 1087265; 57718; 191976; 6088,098; 4001,55; 1116072; 28911; 171418; 6616,444; 3252,204; 1088575; 56408; 257575; 6120,993; 4235,001; 1074299; 70684; 280764; 5066,399; 3009,62; 1089244; 55739; 268501; 8341,827; 4248,493; 1086933; 58050; 267560; 6297,778; 4199,357; 1077671; 67312; 278464; 5490,878; 3725,956; 1105603; 39380; 280408; 5112,035; 3831,767; 1090907; 54076; 285951
9b.sql; 7329,437; 3102,2; 480784; 57629; 254765; 6523,788; 3062,049; 495594; 42819; 248296; 6082,036; 3364,712; 487164; 51249; 161771; 7550,92; 2550,258; 481455; 56958; 238627; 6361,771; 3105,633; 494648; 43765; 260102; 5176,389; 2872,037; 478599; 59814; 248959; 5936,968; 3274,546; 491827; 46586; 179381; 6574,379; 3032,817; 480963; 57450; 252349; 6521,222; 3060,58; 494635; 43778; 301476; 6765,278; 3051,742; 490107; 48306; 262973
9c.sql; 6839,425; 4656,119; 566075; 124539; 287233; 5908,731; 4456,118; 571078; 119536; 434477; 6044,167; 3937,462; 578953; 111661; 446566; 6212,447; 3567,011; 574772; 115842; 185713; 7188,596; 4528,803; 570397; 120217; 255183; 6347,039; 3571,964; 575253; 115361; 275091; 6838,373; 4319,738; 613019; 77595; 249193; 5698,807; 4097,004; 580113; 110501; 408904; 6126,013; 4304,644; 575902; 114712; 235362; 6057,503; 4276,659; 574967; 115647; 390168
9d.sql; 6019,501; 7498,566; 3816452; 230888; 535281; 5997,774; 8466,765; 3821334; 226006; 421231; 5856,634; 7473,328; 3862067; 185273; 294911; 5287,791; 6912,688; 3862148; 185192; 300881; 6145,019; 8411,674; 3837171; 210169; 474348; 5850,643; 5938,478; 3836204; 211136; 279987; 5602,586; 8181,795; 3842115; 205225; 480584; 5706,485; 8474,083; 3831566; 215774; 309198; 6047,132; 8605,018; 3869388; 177952; 293428; 7291,468; 8323,649; 3820119; 227221; 347374
10a.sql; 4849,386; 3664,306; 393054; 159398; 166737; 4768,03; 5406,594; 380024; 172428; 127383; 5977,857; 7966,939; 416021; 136431; 146292; 5950,839; 6216,095; 505083; 47369; 136853; 4569,504; 4469,807; 390769; 161683; 157997; 4403,941; 5334,388; 505777; 46675; 127717; 5333,456; 4306,183; 409339; 143113; 132117; 4917,378; 3357,425; 396808; 155644; 219678; 6792,183; 8401,503; 405953; 146499; 156998; 5049,014; 5921,47; 383027; 169425; 235616
10b.sql; 5046,893; 3765,881; 439868; 61423; 305083; 4360,4; 4534,708; 344352; 156939; 293366; 4772,697; 4307,232; 307972; 193319; 356378; 4939,029; 4376,862; 350313; 150978; 301431; 5073,235; 3942,974; 478356; 22935; 392626; 1992,723; 3553,721; 425627; 75664; 295596; 4981,482; 3782,579; 466874; 34417; 265136; 6431,785; 4276,993; 433140; 68151; 299427; 4923,584; 4788,668; 347401; 153890; 324458; 5729,529; 3947,719; 456264; 45027; 308820
10c.sql; 5563,884; 6253,455; 417006; 135503; 334641; 5755,659; 5497,445; 435048; 117461; 328234; 5151,771; 5252,302; 465357; 87152; 301684; 2495,442; 4849,632; 524072; 28441; 193044; 5525,122; 6148,24; 413743; 138766; 265409; 5730,954; 4993,893; 512226; 40287; 290784; 5019,559; 5026,012; 463925; 88588; 175663; 5679,642; 5328,642; 479441; 73064; 318497; 5437,374; 5019,393; 498410; 54103; 330876; 5573,915; 5823,282; 426638; 125867; 337690
11a.sql; 495,453; 657,275; 886954; 0; 41662; 69,732; 701,86; 886932; 0; 44490; 1363,345; 693,965; 889915; 0; 49141; 63,848; 702,47; 893266; 0; 52016; 828,933; 692,619; 890616; 0; 44866; 488,437; 660,965; 896951; 0; 46262; 70,154; 658,388; 892529; 0; 45188; 1861,222; 710,452; 899465; 0; 42131; 495,951; 718,317; 898611; 0; 42817; 1213,629; 687,869; 886554; 0; 47519
11b.sql; 936,251; 638,776; 899789; 0; 29997; 423,687; 686,201; 883032; 0; 44786; 926,928; 705,52; 894986; 0; 45669; 531,776; 683,513; 897710; 0; 48928; 473,0; 591,731; 894570; 0; 42855; 104,908; 716,049; 904564; 0; 46058; 708,287; 759,666; 903347; 0; 54018; 177,571; 720,203; 883412; 0; 48762; 108,526; 715,146; 892828; 0; 32073; 618,616; 690,531; 884165; 0; 47014
11c.sql; 66,347; 181,054; 359478; 0; 12760; 142,334; 189,186; 365256; 0; 16602; 524,457; 201,096; 369199; 0; 17352; 157,364; 203,137; 366920; 0; 16160; 126,685; 201,105; 365870; 0; 15875; 211,848; 176,133; 386183; 0; 17529; 771,531; 187,27; 361190; 0; 16907; 1619,224; 212,314; 364570; 0; 16528; 448,884; 199,992; 365893; 0; 18351; 1745,145; 199,926; 363737; 0; 16638
11d.sql; 1675,081; 182,468; 360849; 0; 17003; 1046,818; 189,062; 362775; 0; 15517; 601,307; 200,859; 362741; 0; 11970; 123,917; 204,029; 367922; 0; 16589; 824,794; 176,993; 365014; 0; 16101; 1334,981; 183,659; 363843; 25; 14770; 1734,639; 176,588; 374900; 2; 16082; 542,19; 199,042; 370583; 0; 16711; 724,698; 194,538; 364460; 0; 17273; 106,206; 181,014; 365597; 0; 16846
12a.sql; 4596,823; 460,744; 1032513; 17396; 161553; 235,991; 436,677; 1049909; 0; 170121; 138,359; 455,276; 1049909; 0; 305250; 138,018; 440,135; 1049909; 0; 138811; 2966,441; 446,352; 1037557; 12352; 208257; 1027,6; 384,1; 1049909; 0; 238164; 1125,214; 467,434; 1049909; 0; 153262; 2832,477; 457,383; 1049659; 250; 208402; 145,482; 439,654; 1049909; 0; 302477; 3778,173; 424,44; 1044892; 5017; 214641
12b.sql; 4175,716; 132,63; 13803; 24; 34790; 4338,491; 128,764; 13817; 10; 26297; 2095,839; 148,538; 13797; 30; 29409; 687,143; 122,059; 13827; 0; 33313; 136,112; 125,876; 13827; 0; 36121; 243,463; 114,935; 13827; 0; 24449; 419,239; 129,659; 13827; 0; 25859; 3032,175; 123,321; 13809; 18; 29443; 3629,277; 133,16; 13825; 2; 21995; 3665,911; 121,491; 13814; 13; 32664
12c.sql; 3790,954; 1165,541; 4161208; 17812; 390510; 238,211; 1167,033; 4179020; 0; 256261; 3876,138; 1154,438; 4179020; 0; 295375; 2680,957; 1219,839; 4110896; 68124; 242294; 132,215; 1242,613; 4179020; 0; 444500; 2495,967; 1039,98; 4179020; 0; 450296; 164,516; 1289,678; 4179020; 0; 441796; 2728,152; 1190,534; 4148210; 30810; 470867; 3447,291; 1225,277; 4160639; 18381; 419422; 244,124; 1203,515; 4179020; 0; 476843
13a.sql; 4469,108; 1729,958; 6575316; 11873; 250866; 3959,922; 1621,562; 6587189; 0; 271929; 4762,39; 1763,747; 6561747; 25442; 227833; 333,553; 1834,196; 6587189; 0; 236340; 1468,402; 1748,519; 6587150; 39; 311305; 2580,166; 1824,431; 6577619; 9570; 377482; 553,899; 1808,631; 6587189; 0; 344466; 898,115; 1886,501; 6587052; 137; 226231; 222,208; 1848,797; 6587189; 0; 170247; 2472,42; 2103,051; 6532399; 54790; 326520
13b.sql; 138,972; 810,602; 3172837; 0; 144288; 1543,793; 791,186; 3172835; 2; 141030; 3726,92; 780,168; 3172763; 74; 187761; 3162,059; 820,032; 3172765; 72; 215674; 4469,868; 913,926; 3172599; 238; 233551; 3067,828; 814,864; 3172619; 218; 163243; 3463,125; 884,95; 3172660; 177; 211159; 232,549; 847,394; 3172837; 0; 146874; 3479,251; 863,188; 3172707; 130; 150518; 3772,433; 780,831; 3172837; 0; 153145
13c.sql; 4025,821; 842,714; 3172647; 0; 181824; 2132,288; 774,456; 3172623; 24; 219019; 3496,58; 858,021; 3172646; 1; 150171; 2243,529; 802,292; 3172640; 2; 145055; 3354,145; 820,467; 3172642; 5; 136558; 138,74; 756,682; 3172652; 0; 241757; 1643,31; 807,817; 3172642; 5; 239889; 258,955; 888,835; 3172647; 0; 248722; 2046,668; 867,797; 3172635; 12; 233918; 1493,911; 818,99; 3172642; 0; 274270
13d.sql; 142,795; 7095,722; 24766497; 0; 300303; 1528,92; 7513,291; 24741620; 24877; 502356; 4707,067; 6576,856; 24636934; 129563; 345178; 596,52; 7215,947; 24766497; 0; 367120; 250,158; 7085,326; 24766497; 0; 298832; 2831,468; 6119,623; 24720359; 46138; 391372; 261,427; 7258,472; 24766497; 0; 399318; 167,4; 6943,373; 24766497; 0; 486889; 2809,682; 7397,654; 24620124; 146373; 458685; 4489,704; 7281,166; 24620756; 145741; 392724
14a.sql; 3670,239; 277,747; 380840; 0; 116652; 158,13; 365,697; 380840; 0; 122947; 922,969; 337,385; 378992; 1848; 142855; 3348,951; 277,054; 375042; 5798; 85949; 763,351; 343,478; 380840; 0; 144665; 328,11; 339,429; 380840; 0; 151939; 3296,067; 317,574; 375610; 5230; 164183; 324,75; 314,862; 380840; 0; 169629; 281,125; 360,749; 380840; 0; 107651; 4618,421; 305,417; 380837; 3; 94891
14b.sql; 1266,242; 115,48; 127580; 0; 37511; 657,025; 99,096; 127474; 106; 36233; 3367,244; 143,808; 127580; 0; 42981; 211,379; 148,016; 127580; 0; 39002; 3077,921; 114,25; 127376; 204; 49675; 1209,144; 124,581; 127578; 2; 69338; 167,612; 137,82; 127580; 0; 58668; 2999,828; 137,07; 127565; 15; 40156; 156,264; 154,49; 127580; 0; 51310; 297,15; 133,436; 127580; 0; 61796
14c.sql; 4812,613; 511,365; 645010; 14745; 245413; 4135,735; 582,464; 622437; 37318; 146480; 151,424; 630,843; 659755; 0; 127576; 147,205; 565,214; 659755; 0; 222995; 3190,632; 553,913; 659047; 708; 125165; 1291,559; 466,31; 659755; 0; 95635; 155,412; 640,457; 659755; 0; 124656; 156,005; 646,559; 659755; 0; 178149; 690,625; 612,47; 656589; 3166; 162120; 453,77; 570,896; 659755; 0; 111371
15a.sql; 1389,024; 357,399; 394028; 615; 152991; 1868,157; 407,779; 389544; 5099; 161782; 4293,482; 355,229; 389764; 4879; 127105; 1123,164; 418,178; 394318; 325; 82565; 4101,145; 365,36; 391015; 3628; 119375; 1363,036; 412,151; 392203; 2440; 121785; 3753,967; 360,246; 391861; 2782; 120535; 3583,1; 385,877; 389661; 4982; 130196; 4331,444; 394,853; 383365; 11278; 149028; 4655,116; 367,839; 382920; 11723; 125743
15b.sql; 280,974; 26,899; 17005; 7; 22080; 262,894; 50,602; 16986; 34; 18961; 4237,719; 45,635; 16900; 120; 19379; 3120,074; 53,01; 16780; 240; 20609; 325,273; 47,127; 16538; 482; 19187; 2356,967; 35,518; 17020; 0; 20127; 4969,839; 23,792; 16859; 153; 20698; 676,191; 40,051; 16973; 47; 18613; 250,703; 49,162; 17020; 0; 19698; 830,564; 49,853; 17006; 14; 20924
15c.sql; 3508,905; 860,239; 466896; 4173; 138096; 4301,772; 924,353; 464370; 6699; 66021; 761,933; 868,19; 469666; 1403; 93525; 2842,975; 926,576; 449310; 21759; 151679; 3696,715; 926,733; 455831; 15238; 44303; 3361,183; 1002,065; 461936; 9133; 44407; 2765,605; 855,835; 454347; 16722; 99308; 4068,321; 888,969; 415496; 55573; 141670; 1139,56; 859,955; 470624; 445; 54727; 2424,397; 957,438; 470835; 234; 98674
15d.sql; 3117,345; 1126,017; 916812; 3342; 90432; 3761,687; 1313,671; 873349; 46805; 74609; 3597,671; 1084,622; 902054; 18100; 75037; 2308,705; 1136,227; 890711; 29443; 72197; 3564,935; 1031,792; 910954; 9200; 107810; 2959,191; 1051,428; 904286; 15868; 108589; 555,248; 1113,592; 920154; 0; 120154; 3799,94; 1067,154; 909724; 10430; 95912; 3214,016; 1117,493; 920154; 0; 105911; 4046,925; 1057,643; 915393; 4761; 109536
16a.sql; 7393,469; 245,548; 196514; 896; 57697; 7227,404; 276,838; 196462; 948; 43026; 6278,071; 270,97; 196492; 918; 73348; 7169,994; 207,381; 196497; 913; 43689; 6916,35; 279,791; 196446; 964; 55399; 3860,731; 167,687; 196559; 851; 60304; 7238,027; 244,19; 196514; 896; 44741; 7421,163; 179,025; 197202; 208; 54251; 5902,645; 181,76; 196808; 602; 69782; 7903,968; 261,522; 196579; 831; 86781
16b.sql; 6641,067; 38896,932; 30499672; 180109; 206298; 7090,867; 38672,234; 30484030; 195751; 140528; 6987,589; 37886,942; 30509871; 169910; 108885; 7126,182; 35412,28; 30498472; 181309; 156915; 7432,067; 38446,419; 30501730; 178051; 85163; 6148,131; 17830,811; 30500175; 179606; 140261; 7907,663; 37928,721; 30502498; 177283; 239858; 7499,115; 38361,72; 30500752; 179029; 176106; 6114,833; 37840,153; 30507609; 172172; 218805; 7255,159; 38485,851; 30502160; 177621; 149128
16c.sql; 6956,115; 7989,402; 2885056; 48079; 98323; 6161,193; 7223,218; 2887451; 45684; 143162; 6239,647; 7888,665; 2883972; 49163; 120328; 6903,052; 6109,768; 2883703; 49432; 105830; 6150,628; 4264,076; 2911500; 21635; 142110; 2610,491; 1744,074; 2904026; 29109; 94170; 6477,156; 7773,43; 2885218; 47917; 133743; 7867,931; 7795,528; 2886776; 46359; 143886; 7190,237; 7489,672; 2886468; 46667; 64699; 6664,173; 6194,657; 2895140; 37995; 81539
16d.sql; 6592,025; 4054,61; 2254522; 24511; 107143; 7057,085; 5942,623; 2243002; 36031; 147887; 7850,116; 6642,938; 2237590; 41443; 133012; 3686,679; 2106,759; 2240294; 38739; 103505; 7885,378; 6915,292; 2236941; 42092; 122073; 6184,075; 2748,913; 2238064; 40969; 134083; 8110,079; 7049,438; 2237390; 41643; 103234; 6760,946; 6528,064; 2238376; 40657; 104676; 6362,742; 6593,766; 2241846; 37187; 104799; 7620,493; 5857,337; 2244518; 34515; 111080
17a.sql; 6873,593; 38480,608; 10535256; 323075; 107396; 6590,182; 36300,678; 10567192; 291139; 277816; 7043,314; 38850,321; 10550957; 307374; 139578; 3556,499; 20070,935; 10550381; 307950; 99904; 6331,087; 40789,356; 10525994; 332337; 82713; 6258,054; 17974,704; 10560036; 298295; 185741; 6378,152; 24121,92; 10659440; 198891; 248897; 6866,937; 38930,919; 10536393; 321938; 137047; 6163,126; 37379,049; 10554513; 303818; 203829; 5360,35; 37875,434; 10527607; 330724; 106931
17b.sql; 7259,166; 31116,942; 6059053; 248602; 135516; 5844,545; 30594,41; 6061571; 246084; 298978; 5285,114; 26098,24; 6101237; 206418; 285274; 7900,55; 9075,229; 6123637; 184018; 130249; 6364,979; 16389,94; 6186902; 120753; 99788; 4652,833; 13868,519; 6043064; 264591; 118161; 5933,909; 30924,359; 6061586; 246069; 162683; 4789,989; 35527,005; 6029475; 278180; 261928; 8183,909; 26022,919; 6097333; 210322; 147683; 5203,362; 33064,583; 6041446; 266209; 214760
17c.sql; 5363,274; 29957,212; 5751739; 279800; 143112; 5387,978; 28102,773; 5805070; 226469; 312068; 6167,316; 27393,651; 5814429; 217110; 98979; 7026,187; 23415,789; 5842897; 188642; 462310; 7124,345; 31068,891; 5787408; 244131; 187465; 5513,916; 6939,414; 5789505; 242034; 250343; 6332,227; 30009,524; 5789587; 241952; 228980; 5134,221; 31079,249; 5775885; 255654; 150008; 5636,769; 27083,515; 5826409; 205130; 85560; 6463,596; 27993,945; 5805631; 225908; 183407
17d.sql; 5913,674; 32089,931; 5852975; 260321; 312649; 5351,364; 14050,381; 5998257; 115039; 93604; 5801,874; 26466,784; 5900453; 212843; 85170; 5580,588; 9686,199; 5824040; 289256; 218213; 6058,891; 27786,788; 5896576; 216720; 129336; 3223,2; 14739,923; 5915257; 198039; 192310; 5582,367; 25130,236; 5916302; 196994; 146354; 5398,542; 26624,112; 5905126; 208170; 150879; 5839,75; 27114,262; 5897358; 215938; 252289; 5379,847; 30753,156; 5793922; 319374; 118670
17e.sql; 7149,518; 40547,951; 19195873; 265881; 86603; 6874,736; 24317,686; 19313905; 147849; 291324; 8443,733; 28631,906; 19265101; 196653; 225836; 6546,086; 21198,68; 19185699; 276055; 95868; 7595,268; 43173,613; 19173104; 288650; 238632; 5343,334; 22745,127; 19194701; 267053; 145957; 6560,357; 24307,887; 19310114; 151640; 183923; 7585,703; 42708,942; 19172771; 288983; 153869; 7115,776; 43038,65; 19174832; 286922; 201201; 6405,719; 39899,35; 19190613; 271141; 107217
17f.sql; 7291,08; 34238,149; 11688934; 262756; 156863; 6376,934; 39675,962; 11631322; 320368; 196781; 5830,091; 39573,162; 11626401; 325289; 156517; 5388,444; 13792,854; 11650490; 301200; 85094; 7433,86; 40265,657; 11632058; 319632; 112459; 5348,616; 10048,841; 11635776; 315914; 188518; 7526,483; 39562,204; 11635170; 316520; 193046; 6616,014; 40653,93; 11625999; 325691; 93142; 6941,814; 39686,357; 11626598; 325092; 93589; 6401,708; 20102,02; 11770831; 180859; 90617
18a.sql; 6027,485; 1519,647; 181527; 123053; 235215; 5894,085; 1396,931; 183119; 121461; 167919; 8696,232; 1541,267; 180346; 124234; 226451; 6762,492; 1214,09; 178004; 126576; 168424; 5493,174; 1593,231; 179995; 124585; 243466; 8118,576; 1187,847; 236485; 68095; 202339; 8472,445; 1720,115; 235898; 68682; 236508; 5944,616; 1529,327; 181218; 123362; 165245; 5497,609; 1576,457; 178526; 126054; 241320; 5586,205; 1538,997; 180222; 124358; 163414
18b.sql; 8513,721; 2846,674; 2488429; 112966; 413322; 6339,519; 3395,703; 2495372; 106023; 369348; 9492,843; 3286,011; 2496669; 104726; 345576; 6188,088; 1702,097; 2457887; 143508; 430330; 7683,482; 4061,831; 2474389; 127006; 302502; 5776,226; 1484,482; 2448421; 152974; 367524; 8638,264; 3460,646; 2493102; 108293; 364169; 9095,689; 4021,908; 2477954; 123441; 343286; 7016,049; 3888,677; 2477564; 123831; 364733; 6320,887; 3702,501; 2486747; 114648; 352137
18c.sql; 8374,844; 9163,426; 7726102; 474216; 397713; 8334,493; 8740,168; 7723247; 477071; 247635; 6894,604; 8343,712; 7735455; 464863; 255506; 7704,334; 8756,969; 7694087; 506231; 309195; 7600,823; 11292,673; 7737253; 463065; 335496; 7112,722; 6092,129; 7695056; 505262; 267414; 7749,505; 10543,041; 7690417; 509901; 301768; 8492,903; 9835,102; 7770539; 429779; 363168; 6494,522; 9082,303; 7742991; 457327; 352483; 7418,311; 10534,583; 7746399; 453919; 296671
19a.sql; 10262,499; 4130,11; 1093292; 53971; 331384; 10094,13; 4199,658; 1100601; 46655; 289738; 9385,94; 3971,956; 1093295; 53963; 318268; 9505,264; 4211,21; 1078076; 69182; 251927; 9372,306; 4210,817; 1093226; 54031; 310593; 10223,815; 3232,958; 1078150; 69123; 197200; 8956,476; 4282,601; 1078160; 69097; 201192; 7299,894; 4125,822; 1093308; 53950; 214121; 7324,733; 4208,446; 1078199; 69071; 274328; 6416,065; 4107,318; 1088772; 58484; 266572
19b.sql; 8585,441; 207,807; 86657; 305; 76517; 7076,485; 215,42; 86665; 297; 125019; 10383,916; 239,079; 86688; 274; 73796; 8143,366; 209,863; 86659; 303; 145239; 9350,017; 226,292; 86681; 281; 125204; 7393,75; 192,719; 86650; 312; 111581; 9979,368; 222,229; 86656; 306; 134950; 10141,65; 240,695; 86686; 276; 148421; 10198,307; 209,269; 86734; 228; 111504; 7523,458; 232,816; 86672; 290; 90618
19c.sql; 8946,833; 4569,083; 472077; 136211; 301086; 9843,768; 4024,48; 472138; 136146; 406573; 8020,434; 4334,109; 471334; 136951; 412362; 7413,847; 4594,164; 472398; 135890; 191805; 9557,8; 4136,87; 475505; 132777; 385785; 8254,538; 4318,204; 494505; 113778; 272782; 6409,786; 4395,787; 471880; 136408; 302709; 7502,228; 4072,721; 473641; 134645; 342062; 6279,413; 4278,79; 479391; 128895; 250676; 9475,293; 4151,047; 471972; 136308; 200093
19d.sql; 9020,83; 14209,505; 21321980; 401564; 218124; 7732,352; 16088,548; 21256017; 467525; 298760; 6539,052; 14918,294; 21325657; 397871; 311474; 8624,874; 14634,316; 21312967; 410571; 356053; 9103,317; 14948,453; 21315668; 407876; 214255; 7559,571; 13126,424; 21333209; 390333; 279582; 6579,297; 15087,13; 21315343; 408203; 288301; 9192,974; 15182,548; 21316111; 407429; 277091; 8249,348; 14835,097; 21316658; 406882; 295791; 6667,96; 14861,95; 21350040; 373508; 288112
20a.sql; 6407,552; 4682,776; 1865213; 119876; 243014; 6110,039; 6164,085; 1846412; 138677; 366726; 7032,85; 4488,089; 1908717; 76372; 259276; 6891,531; 6289,771; 1870999; 114090; 235404; 7140,112; 6896,9; 1858702; 126387; 329097; 5446,955; 1067,983; 1860999; 124090; 241476; 5837,104; 7044,888; 1856791; 128298; 200957; 7295,15; 5345,85; 1898095; 86994; 265310; 10213,295; 6961,046; 1848694; 136395; 188133; 7914,759; 5812,269; 1887242; 97847; 192078
20b.sql; 6833,976; 3133,776; 809623; 53089; 210475; 8027,781; 2656,981; 824397; 38315; 153947; 7281,803; 3570,978; 802281; 60431; 197903; 6847,352; 1055,666; 809698; 53014; 139353; 5931,652; 3515,602; 803224; 59488; 188376; 6637,401; 1108,912; 843165; 19547; 138875; 5728,305; 3195,12; 803318; 59394; 162454; 7118,51; 3384,191; 804416; 58296; 212335; 6907,771; 3188,901; 806466; 56246; 179543; 7626,973; 3214,559; 809135; 53577; 196332
20c.sql; 6997,75; 3371,137; 678124; 57386; 184080; 6898,156; 3007,837; 681527; 53983; 136095; 7721,461; 3244,295; 682840; 52670; 177564; 7279,031; 3669,682; 670819; 64691; 197309; 6720,76; 3604,692; 674918; 60592; 238564; 6584,058; 994,287; 678497; 57013; 140004; 7533,619; 3413,942; 677690; 57820; 121177; 8164,747; 3253,467; 683403; 52107; 179411; 7024,191; 3505,677; 676112; 59398; 197460; 7102,769; 3749,25; 672728; 62782; 176072
21a.sql; 1525,934; 652,804; 888737; 0; 47859; 4895,829; 677,468; 885318; 0; 35393; 1224,089; 795,146; 891994; 0; 27465; 3746,554; 682,033; 891957; 0; 45285; 627,178; 691,891; 891144; 0; 47737; 394,906; 692,794; 887952; 0; 43548; 3073,37; 586,617; 888055; 0; 47426; 3271,224; 701,292; 901823; 0; 39739; 312,642; 705,171; 892889; 0; 47759; 1400,921; 666,104; 903398; 0; 44748
21b.sql; 248,622; 696,191; 892718; 0; 49686; 4791,99; 680,532; 887814; 0; 44001; 3715,342; 697,925; 890147; 0; 28066; 4949,68; 684,022; 889852; 0; 44358; 3140,367; 699,825; 903804; 0; 49410; 3956,784; 595,464; 886479; 0; 48576; 396,116; 712,628; 886187; 804; 46595; 3314,946; 667,494; 907028; 0; 51378; 166,709; 707,575; 902117; 0; 47529; 238,725; 675,77; 894359; 0; 45194
21c.sql; 668,922; 861,528; 981244; 23; 51851; 501,338; 759,17; 988754; 23; 68558; 3820,486; 874,09; 981736; 25; 75604; 2727,569; 834,495; 980078; 23; 53293; 157,043; 780,519; 985662; 23; 67183; 2248,532; 888,819; 992474; 1098; 45272; 1237,033; 896,445; 980861; 767; 69503; 1237,589; 873,537; 984707; 23; 72983; 1324,308; 805,749; 979192; 29; 69278; 250,231; 746,234; 986463; 23; 66141
22a.sql; 4914,147; 488,932; 1013348; 3530; 143646; 1056,036; 576,427; 1016551; 327; 81989; 4234,185; 479,216; 1016878; 0; 107400; 1201,346; 615,425; 1016390; 488; 110303; 2661,801; 562,419; 1016878; 0; 89675; 3415,23; 512,774; 1013651; 3227; 116567; 3527,179; 546,192; 1015676; 1202; 102000; 4369,299; 644,252; 1013268; 3610; 93013; 3692,084; 540,207; 1016877; 1; 116741; 376,135; 641,806; 1016878; 0; 141657
22b.sql; 5003,977; 414,994; 921990; 519; 95794; 3785,895; 437,192; 922069; 440; 74705; 4095,175; 410,749; 922425; 84; 84209; 202,682; 477,658; 922509; 0; 81029; 361,333; 474,698; 922509; 0; 86809; 188,208; 408,931; 922509; 0; 75696; 4626,833; 541,339; 919665; 2844; 86796; 291,813; 486,218; 922509; 0; 81072; 1808,117; 367,6; 922509; 0; 98554; 3640,037; 449,85; 922484; 25; 91164
22c.sql; 389,256; 2100,794; 1441395; 0; 101349; 4381,31; 2023,201; 1440843; 552; 139114; 203,246; 2323,486; 1441395; 0; 115701; 266,674; 2000,043; 1441395; 0; 123605; 2735,032; 2186,527; 1425395; 16000; 180713; 1685,272; 1896,796; 1438552; 2843; 120831; 4031,352; 1925,181; 1441101; 294; 128644; 4354,986; 1747,731; 1429237; 12158; 101873; 3477,889; 1817,653; 1441393; 2; 172652; 752,164; 1975,063; 1441119; 276; 135673
22d.sql; 1586,261; 1024,696; 1316423; 0; 236755; 1246,176; 1046,644; 1311616; 4807; 211699; 4115,774; 1209,16; 1252411; 64012; 212243; 4174,536; 930,652; 1270694; 45729; 211204; 4113,601; 898,706; 1316420; 3; 252276; 2915,651; 847,043; 1310390; 6033; 237011; 4016,158; 826,647; 1316423; 0; 148898; 3212,058; 862,93; 1303703; 12720; 234753; 315,549; 939,287; 1316423; 0; 153334; 3474,857; 1002,195; 1306227; 10196; 240208
23a.sql; 4090,979; 766,013; 717092; 283; 99142; 2180,74; 804,008; 717374; 0; 151900; 191,843; 892,956; 717375; 0; 149849; 3182,161; 806,395; 717050; 325; 157306; 3690,967; 796,073; 717375; 0; 137002; 1845,963; 793,752; 717278; 97; 157409; 183,93; 879,424; 717375; 0; 135768; 3138,02; 837,933; 717375; 0; 118606; 256,696; 831,718; 717375; 0; 144708; 4380,969; 860,775; 703446; 13929; 155090
23b.sql; 1520,283; 46,662; 29381; 0; 18307; 3536,652; 43,925; 29381; 0; 21573; 305,402; 50,886; 29381; 0; 21890; 2535,491; 41,782; 28882; 499; 20419; 225,508; 50,566; 29381; 0; 20086; 233,133; 48,337; 29381; 0; 20752; 3447,778; 53,711; 29378; 3; 20739; 3881,054; 38,581; 29311; 70; 18717; 199,036; 53,678; 29381; 0; 20167; 4076,518; 43,466; 28909; 472; 19760
23c.sql; 1063,02; 514,054; 192413; 0; 150349; 195,752; 520,488; 192413; 0; 158082; 196,821; 559,069; 192405; 0; 198785; 1286,712; 627,91; 185760; 6645; 224368; 2432,454; 570,007; 182019; 10394; 275460; 523,008; 509,51; 192413; 0; 168323; 3691,444; 476,734; 192348; 65; 190919; 3648,588; 558,654; 170886; 21527; 144965; 3591,97; 454,425; 192251; 162; 253536; 2634,15; 506,149; 191005; 1400; 145542
24a.sql; 10076,513; 4619,279; 3442824; 53973; 89136; 10630,097; 4856,923; 3442306; 54491; 98220; 11773,462; 4941,447; 3442595; 54202; 87257; 10374,384; 4592,28; 3442957; 53840; 94704; 9796,108; 5285,522; 3443054; 53743; 97505; 8779,172; 4869,166; 3457997; 38800; 86050; 10297,402; 4831,142; 3443712; 53085; 108356; 10261,469; 4878,573; 3443059; 53738; 85548; 10207,562; 5001,291; 3442723; 54074; 92535; 10516,121; 4673,67; 3442948; 53849; 87750
24b.sql; 11002,21; 75,197; 66089; 216; 29534; 11047,395; 78,979; 66078; 227; 35968; 9506,918; 69,47; 66177; 128; 28432; 10650,344; 67,967; 66082; 223; 33759; 8181,217; 81,944; 66079; 226; 31988; 6805,616; 72,583; 66095; 210; 32448; 10020,364; 66,351; 66127; 178; 31894; 8003,434; 91,547; 66156; 149; 31160; 8683,627; 79,098; 66090; 215; 31223; 11716,293; 81,315; 66094; 211; 29974
25a.sql; 9424,206; 8108,97; 4847617; 230679; 192382; 9760,763; 8100,881; 4849236; 229060; 395925; 6056,723; 9100,217; 4833330; 244966; 239620; 8359,1; 8795,455; 4839165; 239131; 232945; 5867,992; 9037,736; 4837668; 240628; 272495; 6437,002; 9380,814; 4794284; 284012; 254192; 8443,26; 10451,798; 4808428; 269868; 252832; 7798,013; 8437,632; 4851415; 226881; 198577; 8916,29; 7859,978; 4847526; 230770; 222718; 7364,146; 12046,904; 4782359; 295937; 284826
25b.sql; 8138,45; 244,653; 414668; 93; 123817; 8364,458; 208,292; 414659; 102; 100072; 8927,853; 230,111; 414656; 105; 131969; 8694,424; 231,039; 414656; 105; 97762; 9279,384; 217,354; 414654; 107; 103220; 7483,194; 267,396; 414637; 124; 82205; 7332,369; 269,168; 414657; 104; 111637; 8816,575; 220,493; 414674; 87; 82051; 7511,226; 277,302; 414654; 107; 127505; 7338,942; 199,91; 414662; 99; 105733
25c.sql; 9917,952; 24295,245; 8308934; 411195; 471096; 8418,778; 21787,686; 8309010; 411119; 508610; 8691,293; 25364,291; 8316820; 403309; 514304; 9111,38; 23039,764; 8317255; 402874; 274930; 8702,134; 29791,168; 8317478; 402651; 536216; 5688,377; 30942,698; 8309087; 411042; 492570; 9533,499; 26155,798; 8315795; 404334; 433947; 7555,798; 27858,491; 8295430; 424699; 476977; 8825,109; 25225,692; 8308864; 411265; 505925; 7667,121; 25917,179; 8317168; 402961; 580737
26a.sql; 7070,699; 4393,884; 776522; 76056; 170331; 7518,683; 3362,754; 790243; 62335; 231184; 7319,277; 4014,585; 784271; 68307; 176833; 7007,49; 3992,642; 783863; 68715; 168710; 7789,824; 4368,9; 777173; 75405; 188215; 3109,086; 1190,327; 784192; 68386; 178684; 7358,071; 4040,021; 784161; 68417; 178297; 7254,256; 4173,406; 781214; 71364; 183345; 6628,817; 4067,216; 783277; 69301; 196087; 8243,056; 3121,558; 804584; 47994; 174571
26b.sql; 7674,34; 144,311; 86552; 1399; 39465; 7036,377; 183,335; 86507; 1444; 48387; 8083,33; 135,387; 86999; 952; 49136; 7572,435; 78,422; 87906; 45; 35990; 8198,473; 140,901; 86681; 1270; 37550; 8493,343; 79,121; 87895; 56; 33369; 7200,876; 139,589; 86673; 1278; 40117; 7152,612; 149,931; 86718; 1233; 50933; 6140,813; 133,628; 86670; 1281; 40084; 6489,687; 138,368; 86628; 1323; 44780
26c.sql; 7995,551; 8060,467; 2199637; 142648; 217114; 6407,078; 8162,339; 2194665; 147626; 277427; 7184,934; 7735,77; 2201521; 140764; 319247; 3677,364; 4412,493; 2215508; 126783; 237160; 7097,184; 7962,756; 2199719; 142574; 223417; 9461,99; 1426,385; 2263554; 78739; 232939; 7895,203; 7975,305; 2199726; 142569; 239667; 7667,432; 7643,085; 2208106; 134193; 281308; 7492,929; 6038,948; 2231279; 111016; 304338; 7409,722; 8721,622; 2184062; 158231; 240814
27a.sql; 2915,564; 2,064; 2357; 0; 2794; 4253,792; 3,581; 2357; 0; 2579; 3656,158; 2,076; 2357; 0; 2536; 4796,734; 2,109; 2357; 0; 2615; 1580,238; 2,23; 2357; 0; 2617; 2447,935; 2,137; 2357; 0; 2620; 1710,617; 2,477; 2357; 0; 2579; 3947,342; 2,054; 2357; 0; 2723; 268,316; 2,657; 2357; 0; 2483; 5318,604; 2,736; 2357; 0; 2678
27b.sql; 5015,773; 2,119; 2699; 0; 2650; 3891,374; 2,112; 2699; 0; 2767; 312,449; 3,411; 2699; 0; 2849; 237,119; 2,332; 2699; 0; 2526; 1904,634; 2,464; 2699; 0; 2801; 1730,737; 2,153; 2699; 0; 2691; 1768,685; 2,467; 2699; 0; 2757; 321,298; 2,581; 2699; 0; 2637; 4047,249; 2,142; 2699; 0; 2767; 2239,836; 2,873; 2699; 0; 2778
27c.sql; 4192,792; 2,233; 2851; 0; 2812; 4255,872; 2,334; 2851; 0; 2511; 1195,592; 2,469; 2851; 0; 2793; 2768,311; 2,522; 2851; 0; 2584; 1224,972; 2,559; 2851; 0; 2835; 3210,942; 2,348; 2851; 0; 2639; 305,156; 2,651; 2851; 0; 2797; 930,223; 3,015; 2851; 0; 2836; 1687,559; 3,563; 2851; 0; 2472; 1548,641; 2,652; 2851; 0; 2642
28a.sql; 732,788; 618,808; 683134; 0; 92050; 1750,702; 525,657; 683130; 4; 96344; 2042,704; 547,539; 683028; 106; 87072; 786,393; 568,992; 683124; 10; 82799; 3627,253; 561,863; 681720; 1414; 102228; 2928,036; 549,183; 682186; 948; 80367; 3097,857; 555,926; 683134; 0; 75874; 3496,998; 615,614; 683125; 9; 84639; 4324,607; 486,092; 683134; 0; 79208; 1125,169; 640,96; 682755; 379; 111083
28b.sql; 3629,814; 252,188; 419140; 0; 57197; 699,357; 296,92; 419140; 0; 59448; 290,971; 331,672; 419140; 0; 60121; 1851,123; 259,518; 419137; 3; 63009; 3844,231; 250,048; 418910; 230; 64838; 2188,637; 286,086; 419140; 0; 72580; 3732,419; 271,075; 418408; 732; 81398; 306,861; 329,274; 419140; 0; 109156; 4798,488; 272,031; 417810; 1330; 63666; 4438,096; 253,418; 418745; 395; 81816
28c.sql; 1932,788; 1826,822; 1486099; 14910; 111747; 272,432; 1738,404; 1501009; 0; 138566; 2854,999; 1861,206; 1500486; 523; 125370; 260,096; 1684,296; 1501009; 0; 154746; 3169,048; 1861,043; 1501009; 0; 114347; 2763,277; 1542,425; 1500950; 59; 159262; 1418,615; 1658,746; 1501001; 8; 93446; 4311,161; 1939,448; 1487267; 13742; 98779; 3436,985; 1779,114; 1498523; 2486; 93674; 4552,99; 1611,658; 1492990; 8019; 146205
29a.sql; 11637,565; 28,674; 19765; 149; 7754; 11343,004; 34,731; 19751; 163; 6633; 8480,804; 33,966; 19769; 145; 7096; 11761,973; 38,803; 19737; 177; 7839; 11068,7; 34,253; 19751; 163; 7636; 9956,698; 26,862; 19752; 162; 7295; 11414,381; 30,049; 19755; 159; 7580; 10443,734; 28,047; 19761; 153; 9254; 9727,814; 40,478; 19749; 165; 8053; 8557,829; 28,765; 19777; 137; 10706
29b.sql; 10469,848; 20,315; 5236; 128; 7068; 12257,865; 44,689; 5206; 158; 7118; 9027,101; 28,422; 5179; 185; 8277; 10732,404; 26,301; 5189; 175; 7636; 8811,065; 27,013; 5184; 180; 7303; 10559,566; 24,724; 5225; 139; 7476; 10744,698; 22,615; 5186; 178; 7316; 10298,323; 28,642; 5210; 154; 7710; 11026,159; 20,63; 5236; 128; 8300; 8952,187; 33,7; 5181; 183; 8405
29c.sql; 10456,938; 1747,286; 3264213; 4874; 18511; 11138,114; 1783,647; 3265183; 3904; 16788; 11401,014; 1805,546; 3265197; 3890; 18454; 9423,587; 1736,897; 3265208; 3879; 19290; 9760,008; 2062,886; 3265353; 3734; 16440; 9312,013; 1724,364; 3265112; 3975; 17896; 11508,04; 1835,281; 3264646; 4441; 18168; 10349,94; 1843,826; 3265463; 3624; 18844; 9697,489; 2010,899; 3265192; 3895; 18308; 11632,807; 1804,596; 3264856; 4231; 18166
30a.sql; 9184,796; 14197,35; 3854142; 211371; 277546; 8511,221; 14333,2; 3842713; 222800; 500197; 10272,979; 15768,614; 3840534; 224979; 379769; 7661,131; 8397,727; 3826225; 239288; 304978; 9180,883; 17099,973; 3835847; 229666; 550798; 7333,069; 11226,266; 3837416; 228097; 507476; 9321,494; 16210,066; 3835692; 229821; 536280; 9074,302; 16002,668; 3794510; 271003; 408004; 9538,566; 17803,343; 3831305; 234208; 397473; 9262,446; 17222,455; 3830442; 235071; 351773
30b.sql; 9298,633; 292,82; 527121; 844; 107389; 9257,879; 291,276; 527127; 838; 81612; 9395,654; 272,64; 527122; 843; 83843; 9507,136; 297,337; 527308; 657; 90133; 9126,907; 356,795; 527127; 838; 114373; 7625,435; 317,966; 527086; 879; 122907; 11168,006; 280,939; 527139; 826; 97384; 9268,603; 338,049; 527136; 829; 107533; 9232,562; 284,782; 527103; 862; 92617; 9925,218; 331,241; 527845; 120; 108571
30c.sql; 7790,783; 14925,168; 6825956; 381475; 220736; 8229,85; 15302,959; 6819169; 388262; 229594; 9264,821; 14967,131; 6815457; 391974; 351001; 8185,877; 10139,876; 6796435; 410996; 233575; 7072,633; 15500,252; 6811874; 395557; 258971; 6841,067; 11699,48; 6814576; 392855; 226103; 7180,111; 15224,629; 6816517; 390914; 270064; 8333,014; 14990,719; 6821280; 386151; 193628; 7393,938; 15731,606; 6802752; 404679; 262007; 9771,98; 15217,361; 6813179; 394252; 233394
31a.sql; 8712,049; 2353,845; 5330119; 19415; 187434; 9756,595; 2534,734; 5334707; 14827; 120273; 9522,298; 2432,839; 5334245; 15289; 160229; 6995,311; 2108,5; 5324995; 24539; 187820; 8951,628; 2244,976; 5334669; 14865; 143175; 7850,149; 2135,282; 5332367; 17167; 152538; 6401,277; 2407,637; 5332678; 16856; 185003; 7235,715; 2691,311; 5333385; 16149; 187426; 9093,39; 2206,976; 5334557; 14977; 194435; 6933,576; 2243,918; 5334887; 14647; 177318
31b.sql; 7184,177; 300,124; 527407; 342; 97953; 7658,789; 271,986; 527383; 366; 93388; 7314,213; 338,144; 527325; 424; 89498; 6848,945; 264,262; 527362; 387; 120029; 7944,394; 339,29; 527397; 352; 114523; 6548,886; 244,282; 527350; 399; 88348; 7624,116; 325,789; 527341; 408; 150838; 8358,425; 257,518; 527361; 388; 92293; 9508,02; 269,477; 527347; 402; 95710; 9938,86; 251,702; 527326; 423; 137580
31c.sql; 6718,664; 2600,24; 5355004; 25946; 187224; 6580,502; 2149,669; 5364903; 16047; 188647; 7501,538; 2387,841; 5364689; 16261; 185824; 6927,494; 2437,108; 5365634; 15316; 168951; 8053,413; 2425,839; 5365584; 15366; 188279; 9214,649; 2206,499; 5369113; 11837; 178627; 6945,68; 2468,091; 5365883; 15067; 215660; 9754,354; 2259,713; 5366970; 13980; 155152; 10040,053; 2406,013; 5359049; 21901; 199201; 9901,87; 2350,999; 5365964; 14986; 140746
32a.sql; 386,6; 16,76; 1716; 0; 5065; 1053,467; 12,814; 1716; 0; 5230; 91,257; 13,197; 1716; 0; 4548; 91,522; 11,654; 1716; 0; 4937; 95,996; 12,441; 1716; 0; 4466; 447,882; 15,284; 1716; 0; 5099; 109,766; 14,338; 1716; 0; 4869; 509,636; 13,619; 1716; 0; 5041; 381,217; 13,533; 1716; 0; 5077; 79,962; 10,998; 1716; 0; 5118
32b.sql; 84,787; 71,667; 105634; 0; 27702; 92,498; 106,812; 105634; 0; 28533; 93,845; 81,951; 105634; 0; 25920; 93,856; 80,69; 105634; 0; 16068; 88,71; 92,208; 105634; 0; 24153; 89,511; 82,313; 105634; 0; 15063; 289,075; 69,715; 105634; 0; 28931; 589,557; 60,781; 105634; 0; 20798; 850,632; 62,727; 105634; 0; 28580; 1228,035; 78,771; 105634; 0; 30842
33a.sql; 591,809; 15,83; 4188; 0; 6707; 681,133; 17,714; 4188; 1; 7313; 773,388; 15,941; 4187; 0; 6832; 1575,761; 16,233; 4177; 0; 6737; 455,536; 17,849; 4180; 0; 6386; 874,279; 18,637; 4178; 1; 7282; 246,326; 17,426; 4185; 0; 7321; 465,17; 16,769; 4186; 0; 7173; 1608,548; 17,092; 4166; 0; 7287; 187,282; 17,364; 4188; 0; 6586
33b.sql; 1465,768; 12,727; 3374; 0; 3409; 183,489; 16,42; 3374; 0; 3395; 418,841; 13,243; 3374; 0; 3891; 319,852; 12,289; 3374; 0; 3849; 431,454; 15,812; 3374; 0; 3266; 538,341; 12,997; 3374; 0; 3076; 1531,696; 12,699; 3374; 0; 2960; 321,498; 13,008; 3374; 0; 3348; 201,674; 13,813; 3374; 0; 3905; 383,331; 14,627; 3374; 0; 3352
33c.sql; 1298,988; 19,494; 14489; 0; 6709; 223,783; 20,489; 14495; 0; 7911; 195,995; 18,306; 14491; 0; 7296; 624,752; 19,119; 14486; 0; 6738; 1574,353; 21,591; 14485; 0; 7622; 713,995; 20,705; 14491; 0; 7032; 331,998; 19,481; 14491; 0; 7172; 507,012; 19,13; 14495; 0; 7357; 216,426; 20,176; 14488; 0; 7017; 739,431; 17,676; 14490; 0; 7012
